Date,Close/Last,Volume,Open,High,Low
11/19/2021,6.5573,--,6.4776,6.5868,6.1707
11/18/2021,6.3171,--,6.378,6.3794,6.3169
11/17/2021,6.6968,--,6.7282,6.7316,6.678
11/16/2021,6.6345,--,6.5809,6.6375,6.5595
11/15/2021,6.8672,--,6.9487,6.9573,6.8098
11/12/2021,7.1315,--,7.0948,7.3227,6.9283
11/11/2021,7.2184,--,7.2441,7.2506,7.16
11/10/2021,7.1445,--,7.198,7.2103,7.1397
11/09/2021,7.4286,--,7.4092,7.429,7.3908
11/08/2021,7.4606,--,7.4835,7.4847,7.4586
11/05/2021,6.8884,--,6.9129,6.9648,6.831
11/04/2021,6.8742,--,6.9281,7.0262,6.7671
11/03/2021,7.0317,--,6.9131,7.0825,6.8291
11/02/2021,6.9731,--,6.8946,7.0117,6.6828
11/01/2021,6.7118,--,6.778,6.796,6.6445
10/29/2021,6.8098,--,6.6851,6.8654,6.6209
10/28/2021,6.6204,--,6.619,6.745,6.206
10/27/2021,6.2974,--,6.3411,6.7136,6.231
10/26/2021,6.6062,--,6.7095,6.7768,6.5721
10/25/2021,6.7184,--,6.6949,6.8038,6.6197
10/22/2021,6.4708,--,6.7232,6.7349,6.4169
10/21/2021,6.6371,--,6.8284,6.9942,6.5558
10/20/2021,6.8623,--,6.636,6.9179,6.5288
10/19/2021,6.5759,--,6.4583,6.5815,6.3746
10/18/2021,6.4023,--,6.3284,6.5223,6.2559
10/15/2021,6.4365,--,6.2585,6.5689,6.0784
10/14/2021,6.1531,--,6.1548,6.2058,6.0857
10/13/2021,6.0644,--,5.822,6.0797,5.7645
10/12/2021,5.9303,--,5.8739,6.0051,5.7478
10/11/2021,5.9979,--,5.9976,6.0804,5.8514
10/08/2021,5.8637,--,5.9182,6.0441,5.8232
10/07/2021,5.8741,--,5.8658,5.9466,5.7965
10/06/2021,5.9298,--,5.7111,5.9678,5.5001
10/05/2021,5.6892,--,5.5689,5.7267,5.4562
10/04/2021,5.4427,--,5.3553,5.4722,5.2487
10/01/2021,5.3585,--,5.2258,5.3842,4.8323
09/30/2021,4.8835,--,4.8554,4.9149,4.7207
09/29/2021,4.588,--,4.7063,4.762,4.5566
09/28/2021,4.6366,--,4.6759,4.7775,4.5744
09/27/2021,4.8243,--,4.8908,4.9841,4.7401
09/24/2021,4.8212,--,4.6055,4.8572,4.569
09/23/2021,5.0295,--,4.9033,5.0676,4.8741
09/22/2021,4.8893,--,4.7241,4.9667,4.5246
09/21/2021,4.5683,--,4.7068,4.7154,4.3936
09/20/2021,4.9125,--,4.866,4.9676,4.787
09/17/2021,5.39,--,5.4033,5.547,5.3184
09/16/2021,5.4854,--,5.5858,5.6234,5.4111
09/15/2021,5.5688,--,5.4411,5.5776,5.3595
09/14/2021,5.3632,--,5.311,5.384,5.1867
09/13/2021,5.2151,--,5.1341,5.3862,5.0018
9/10/2021,5.116,--,5.3122,5.4991,5.061
9/09/2021,5.3904,--,5.3748,5.5097,5.2763
9/08/2021,5.4082,--,5.3122,5.4221,5.2382
9/07/2021,5.3749,--,5.906,6.1764,5.0982
9/03/2021,5.8768,--,5.946,6.0032,5.6766
9/02/2021,5.8376,--,5.8413,5.8927,5.7141
9/01/2021,5.7087,--,5.5406,5.7281,5.3624
08/31/2021,5.378,--,5.4851,5.5476,5.378
08/30/2021,5.3918,--,5.3918,5.3918,5.3918
08/27/2021,5.4696,--,0,0,0
08/26/2021,5.4696,--,0,0,0
08/25/2021,5.4696,--,5.3659,5.5171,5.2608
08/24/2021,5.4429,--,5.5742,5.6581,5.3303
08/23/2021,5.6366,--,5.6886,5.7188,5.5401
08/20/2021,5.5204,--,5.336,5.5473,5.2752
08/19/2021,5.2501,--,4.9874,5.2788,4.9391
08/18/2021,5.037,--,5.0426,5.1773,4.9369
08/17/2021,4.983,--,5.2744,5.3195,4.9827
08/16/2021,5.2133,--,5.3414,5.4188,5.1371
08/13/2021,5.2925,--,5.1981,5.3263,4.9512
8/12/2021,4.8835,--,4.979,5.1781,4.8542
8/11/2021,5.0737,--,5.1069,5.2161,5.006
8/10/2021,5.039,--,5.0331,5.08,4.8981
8/09/2021,5.0097,--,5.0017,5.0958,4.6819
8/06/2021,4.6781,--,4.4771,4.738,4.4031
8/05/2021,4.5048,--,4.1593,4.5423,4.126
8/04/2021,4.4026,--,4.2476,4.4028,4.1103
8/03/2021,4.218,--,4.2009,4.2374,4.1277
8/02/2021,4.3264,--,4.3069,4.417,4.2507
07/30/2021,4.4138,--,4.1815,4.4546,4.1389
07/29/2021,4.267,--,4.2511,4.3032,4.2349
07/28/2021,4.2829,--,4.2614,4.3726,4.1642
07/27/2021,4.118,--,4.1461,4.1768,3.9166
07/26/2021,3.983,--,4.1904,4.3672,3.9722
07/23/2021,3.5838,--,3.5499,3.6083,3.493
07/22/2021,3.5138,--,3.5017,3.5667,3.4587
07/21/2021,3.494,--,3.4267,3.5758,3.1912
07/20/2021,3.2181,--,3.2134,3.2546,3.169
07/19/2021,3.3444,--,3.3319,3.4707,3.3098
07/16/2021,3.4646,--,3.4344,3.521,3.3846
07/15/2021,3.486,--,3.4709,3.6395,3.4067
07/14/2021,3.6055,--,3.5339,3.6251,3.4436
07/13/2021,3.565,--,3.5622,3.6611,3.5187
7/12/2021,3.6331,--,3.7049,3.8166,3.5887
7/09/2021,3.7485,--,3.644,3.7601,3.5565
7/08/2021,3.6117,--,3.6307,3.6803,3.5995
7/07/2021,3.832,--,3.8917,3.8995,3.8143
7/06/2021,3.7958,--,3.8461,3.8625,3.7589
7/02/2021,3.7015,--,3.6595,3.7278,3.6468
7/01/2021,3.7122,--,3.7278,3.9065,3.6239
06/30/2021,3.8825,--,3.8881,3.9963,3.7924
06/29/2021,3.9785,--,3.9974,4.0759,3.8123
06/28/2021,3.8282,--,3.8041,3.8927,3.779
06/25/2021,3.5351,--,3.6265,3.9278,3.4744
06/24/2021,3.8331,--,3.7697,3.9026,3.5748
06/23/2021,3.6914,--,3.7636,3.8376,3.6104
06/22/2021,3.5411,--,3.2656,3.6939,3.1681
06/21/2021,3.5371,--,3.5988,4.027,3.4834
06/18/2021,4.0096,--,4.2125,4.3028,3.9626
06/17/2021,4.2577,--,4.3693,4.4537,4.2207
06/16/2021,4.3626,--,4.4049,4.5592,4.3186
06/15/2021,4.5314,--,4.5564,4.6506,4.4626
06/14/2021,4.5318,--,4.4483,4.6208,4.3801
6/11/2021,4.2243,--,4.253,4.2885,4.1568
6/10/2021,4.2176,--,4.3332,4.3957,4.1084
6/09/2021,4.2979,--,4.0756,4.3122,3.8085
6/08/2021,3.9681,--,3.8696,4.0105,3.6382
6/07/2021,4.0388,--,4.3385,4.3548,3.9744
6/04/2021,4.3675,--,4.3226,4.3873,4.2351
6/03/2021,4.579,--,4.5987,4.6227,4.5103
6/02/2021,4.4262,--,4.3985,4.5098,4.197
6/01/2021,4.2475,--,4.2144,4.4121,4.1534
05/28/2021,3.9978,--,4.2954,4.5238,3.9826
05/27/2021,4.5622,--,4.6226,4.6914,4.4198
05/26/2021,4.6001,--,4.6774,4.6823,4.5008
05/25/2021,4.4648,--,4.3696,4.5006,4.358
05/24/2021,4.5006,--,4.4099,4.5679,3.9943
05/21/2021,4.3356,--,4.6628,4.8364,4.1019
05/20/2021,4.684,--,4.8796,4.9553,4.0849
05/19/2021,4.4638,--,3.9283,5.1792,3.5297
05/18/2021,5.2407,--,5.2923,5.52,5.144
05/17/2021,5.2544,--,5.444,5.514,5.035
05/14/2021,5.9528,--,5.9947,6.1296,5.7893
05/13/2021,5.7732,--,5.8526,6.0333,5.4837
5/12/2021,6.1712,--,6.5676,6.7442,6.0676
5/11/2021,6.4884,--,6.2682,6.5352,6.0641
5/10/2021,6.3085,--,6.5773,6.7387,6.0797
5/07/2021,6.2339,--,6.3486,6.4127,6.0638
5/06/2021,6.2516,--,6.2946,6.3651,6.0275
5/05/2021,6.2057,--,5.9866,6.2067,5.7462
5/04/2021,5.712,--,5.9141,5.9636,5.5661
5/03/2021,5.9041,--,5.8503,5.9409,5.6893
04/30/2021,5.4975,--,5.3666,5.5139,5.1999
04/29/2021,5.22,--,5.3432,5.3472,5.1093
04/28/2021,5.2777,--,5.3033,5.3987,5.0995
04/27/2021,5.2639,--,5.2124,5.2929,5.0351
04/26/2021,5.058,--,5.0345,5.0913,4.7527
04/23/2021,4.6998,--,4.5827,4.8103,4.4838
04/22/2021,4.8989,--,5.247,5.3008,4.7527
04/21/2021,5.1236,--,5.1532,5.2824,4.9783
04/20/2021,5.1997,--,5.0599,5.2403,4.786
04/19/2021,5.0981,--,5.1677,5.2989,4.8805
04/16/2021,5.6197,--,5.4604,5.662,5.3639
04/15/2021,5.6838,--,5.5327,5.7007,5.4548
04/14/2021,5.5106,--,5.5432,5.6602,5.3231
04/13/2021,5.384,--,5.3056,5.4665,5.0908
4/12/2021,5.0644,--,5.0953,5.0993,4.9879
4/09/2021,4.7666,--,4.7605,4.7896,4.7108
4/08/2021,4.728,--,4.65,4.7288,4.5148
4/07/2021,4.5407,--,4.5216,4.5901,4.4167
4/06/2021,4.7501,--,4.7665,4.792,4.5885
4/05/2021,4.7163,--,4.5784,4.7294,4.4453
4/01/2021,4.4162,--,4.3678,4.4361,4.3114
03/31/2021,4.3562,--,4.2393,4.389,4.1457
03/30/2021,4.3026,--,4.3141,4.325,4.2667
03/29/2021,4.2141,--,4.2116,4.2508,3.9909
03/26/2021,3.9736,--,3.8701,3.9854,3.7545
03/25/2021,3.7877,--,3.6775,3.8083,3.6423
03/24/2021,3.7257,--,4.112,4.1268,3.7212
03/23/2021,3.9585,--,3.996,4.0493,3.8513
03/22/2021,3.9383,--,4.1529,4.2079,3.8937
03/19/2021,4.2141,--,4.2088,4.2556,4.062
03/18/2021,4.1446,--,4.1827,4.2743,4.0827
03/17/2021,4.1438,--,3.9946,4.1644,3.923
03/16/2021,4.0656,--,3.9554,4.0735,3.8171
03/15/2021,4.0026,--,3.9968,4.0609,3.9446
3/12/2021,4.0447,--,3.9402,4.0684,3.9227
3/11/2021,4.1164,--,4.0989,4.1226,4.0904
3/10/2021,3.984,--,3.9999,4.0107,3.967
3/09/2021,4.0767,--,4.0952,4.1095,4.0767
3/08/2021,3.9309,--,3.8745,3.9334,3.8745
3/05/2021,3.5566,--,3.504,3.5947,3.3654
3/04/2021,3.3823,--,3.4089,3.4222,3.3742
3/03/2021,3.7441,--,3.7076,3.7483,3.6941
3/02/2021,3.559,--,3.5434,3.5707,3.5409
3/01/2021,3.5756,--,3.6061,3.6061,3.5586
02/26/2021,3.3473,--,3.3711,3.5531,3.1807
02/25/2021,3.4173,--,3.377,3.4331,3.3561
02/24/2021,3.7109,--,3.703,3.7187,3.6931
02/23/2021,3.5496,--,3.4915,3.559,3.4797
02/22/2021,3.8786,--,3.9445,3.9921,3.8715
02/19/2021,4.2503,--,4.0877,4.2541,3.8554
02/18/2021,3.9267,--,3.9119,3.9306,3.8996
02/17/2021,3.8542,--,3.8397,3.8559,3.8345
02/16/2021,3.6092,--,3.6084,3.6379,3.6005
2/12/2021,3.6696,--,3.7003,3.7342,3.3579
2/11/2021,3.5433,--,3.5468,3.5539,3.532
2/10/2021,3.337,--,3.3332,3.3422,3.3037
2/09/2021,3.3654,--,3.3766,3.3826,3.3602
2/08/2021,3.2342,--,3.2768,3.2768,3.2308
2/05/2021,2.9173,--,2.8987,2.9359,2.7332
2/04/2021,2.7746,--,2.7666,2.7847,2.7624
2/03/2021,2.8173,--,2.8089,2.8255,2.8036
2/02/2021,2.6248,--,2.6321,2.6359,2.6226
2/01/2021,2.4449,--,2.4531,2.4531,2.4421
01/29/2021,2.4143,--,2.5992,2.6071,2.2872
01/28/2021,2.3884,--,2.4082,2.4175,2.3856
01/27/2021,2.1654,--,2.1723,2.1756,2.155
01/26/2021,2.2886,--,2.3081,2.3143,2.2862
01/25/2021,2.3192,--,2.3344,2.3345,2.3105
01/22/2021,2.2624,--,2.2332,2.3186,1.955
01/21/2021,2.0055,--,1.9941,2.0164,1.955
01/20/2021,2.4246,--,2.4469,2.452,2.4197
01/19/2021,2.4909,--,2.5115,2.5129,2.4862
01/15/2021,2.4387,--,2.4208,2.4875,2.3339
01/14/2021,2.5473,--,2.5356,2.5516,2.5299
01/13/2021,2.4038,--,2.4137,2.4146,2.3814
1/12/2021,2.1099,--,2.0926,2.1451,2.0914
1/11/2021,2.2432,--,2.2358,2.2713,2.2357
1/08/2021,2.5625,--,2.4234,2.6134,2.3108
1/07/2021,2.3977,--,2.3983,2.411,2.391
1/06/2021,2.4129,--,2.411,2.4177,2.4091
1/05/2021,2.1798,--,2.1891,2.1955,2.1753
1/04/2021,2.1233,--,2.121,2.1391,2.099
12/31/2020,1.801,--,1.7856,1.8265,1.7643
12/30/2020,1.7509,--,1.7866,1.7913,1.7429
12/29/2020,1.7305,--,1.7365,1.7405,1.73
12/28/2020,1.6864,--,1.6927,1.6936,1.6803
12/24/2020,1.5646,--,1.5152,1.5856,1.499
12/23/2020,1.4445,--,1.446,1.4529,1.4399
12/22/2020,1.5615,--,1.5752,1.5778,1.5605
12/21/2020,1.5036,--,1.5055,1.5138,1.4967
12/18/2020,1.569,--,1.5517,1.5925,1.527
12/17/2020,1.5739,--,1.5491,1.5744,1.5399
12/16/2020,1.5147,--,1.5003,1.5233,1.5003
12/15/2020,1.3524,--,1.3519,1.3545,1.349
12/14/2020,1.363,--,1.3663,1.3672,1.3617
12/11/2020,1.2842,--,1.2779,1.2977,1.2492
12/10/2020,1.2733,--,1.2817,1.2863,1.2721
12/09/2020,1.321,--,1.3199,1.3239,1.3161
12/08/2020,1.2989,--,1.2955,1.3026,1.2846
12/07/2020,1.3759,--,1.3788,1.3791,1.3735
12/04/2020,1.3423,--,1.3657,1.4063,1.3257
12/03/2020,1.398,--,1.4047,1.4063,1.3963
12/02/2020,1.3739,--,1.382,1.382,1.3723
12/01/2020,1.3549,--,1.3575,1.358,1.3488
11/30/2020,1.4062,--,1.4114,1.4154,1.4037
11/27/2020,1.227,--,1.22,1.258,1.1804
11/25/2020,1.2184,--,1.3662,1.3678,1.156
11/24/2020,1.4008,--,1.3999,1.4048,1.3992
11/23/2020,1.3503,--,1.3397,1.3515,1.3374
11/20/2020,1.2895,--,1.2671,1.2978,1.2261
11/19/2020,1.2352,--,1.2282,1.2353,1.2261
11/18/2020,1.2245,--,1.2265,1.2269,1.2224
11/17/2020,1.2268,--,1.2288,1.2288,1.2221
11/16/2020,1.1649,--,1.1693,1.1693,1.1645
11/13/2020,1.141,--,1.1334,1.1444,1.1156
11/12/2020,1.1388,--,1.1389,1.144,1.1365
11/11/2020,1.0946,--,1.0931,1.0952,1.0905
11/10/2020,1.0868,--,1.087,1.0893,1.0836
11/09/2020,1.0761,--,1.0735,1.0768,1.0723
11/06/2020,1.0966,--,1.095,1.1049,1.0635
11/05/2020,1.0956,--,1.0986,1.1049,1.0914
11/04/2020,0.992392,--,0.988573,0.992621,0.988301
11/03/2020,0.963742,--,0.968073,0.970142,0.960821
11/02/2020,0.953892,--,0.952831,0.955298,0.952637
10/30/2020,0.959372,--,0.942571,0.963512,0.935873
10/29/2020,0.954652,--,0.934973,0.967108,0.924233
10/28/2020,0.944035,--,0.946421,0.986465,0.921125
10/27/2020,0.974056,--,0.959754,0.981533,0.937313
10/26/2020,0.935034,--,0.947055,0.953003,0.917565
10/23/2020,0.934838,--,0.939947,0.943888,0.919304
10/22/2020,0.952753,--,0.932688,0.954829,0.917295
10/21/2020,0.936459,--,0.897741,0.938404,0.866061
10/20/2020,0.863535,--,0.86154,0.870522,0.85308
10/19/2020,0.857394,--,0.844082,0.865033,0.835977
10/16/2020,0.831906,--,0.834431,0.83561,0.827191
10/15/2020,0.847033,--,0.838612,0.853754,0.829014
10/14/2020,0.840564,--,0.842991,0.853824,0.832436
10/13/2020,0.846293,--,0.846842,0.854889,0.835673
10/12/2020,0.865057,--,0.833362,0.866918,0.827608
10/09/2020,0.81715,--,0.816044,0.820978,0.797893
10/08/2020,0.803326,--,0.782041,0.806832,0.774422
10/07/2020,0.784006,--,0.782516,0.787389,0.774204
10/06/2020,0.780376,--,0.790124,0.798767,0.774902
10/05/2020,0.795909,--,0.791099,0.797828,0.785855
10/02/2020,0.775486,--,0.772379,0.780465,0.767954
10/01/2020,0.785566,--,0.809228,0.812509,0.773367
09/30/2020,0.797899,--,0.794338,0.800705,0.791563
09/29/2020,0.797608,--,0.796684,0.799969,0.787105
09/28/2020,0.806406,--,0.807914,0.810973,0.802916
09/25/2020,0.79137,--,0.781889,0.79568,0.774389
09/24/2020,0.785576,--,0.7618,0.787331,0.751165
09/23/2020,0.749353,--,0.772449,0.77533,0.740177
09/22/2020,0.773401,--,0.770272,0.777481,0.759802
09/21/2020,0.772343,--,0.776524,0.814154,0.754735
09/18/2020,0.814601,--,0.820546,0.824136,0.805287
09/17/2020,0.817244,--,0.805926,0.823417,0.801052
09/16/2020,0.81735,--,0.81148,0.82239,0.79094
09/15/2020,0.806009,--,0.814341,0.817021,0.797478
09/14/2020,0.803534,--,0.789785,0.809353,0.771666
9/11/2020,0.783887,--,0.775161,0.784962,0.765214
9/10/2020,0.778595,--,0.782091,0.791071,0.770291
9/09/2020,0.77021,--,0.762211,0.776926,0.744579
9/08/2020,0.740664,--,0.746051,0.774963,0.734134
9/04/2020,0.798212,--,0.794638,0.803373,0.74833
9/03/2020,0.810054,--,0.822697,0.874701,0.796391
9/02/2020,0.8697,--,0.872816,0.874855,0.852306
9/01/2020,0.923884,--,0.909843,0.926747,0.881411
08/31/2020,0.888079,--,0.892514,0.895271,0.877456
08/28/2020,0.862165,--,0.858745,0.868939,0.856314
08/27/2020,0.844113,--,0.853632,0.871273,0.831581
08/26/2020,0.863916,--,0.849322,0.869744,0.845263
08/25/2020,0.856434,--,0.86893,0.889597,0.833858
08/24/2020,0.888849,--,0.891453,0.891876,0.883344
08/21/2020,0.870536,--,0.887978,0.901565,0.863385
08/20/2020,0.896468,--,0.890383,0.900247,0.878741
08/19/2020,0.885293,--,0.895083,0.911944,0.867603
08/18/2020,0.914117,--,0.927128,0.940428,0.894853
08/17/2020,0.939429,--,0.909879,0.944941,0.89591
08/14/2020,0.893807,--,0.89111,0.901236,0.882389
08/13/2020,0.88849,--,0.862664,0.892481,0.84608
8/12/2020,0.868306,--,0.863312,0.873002,0.834133
8/11/2020,0.847957,--,0.875564,0.897838,0.833506
8/10/2020,0.889282,--,0.892372,0.898418,0.884441
8/07/2020,0.869553,--,0.883088,0.893521,0.847219
8/06/2020,0.88359,--,0.872944,0.883838,0.862641
8/05/2020,0.866773,--,0.861195,0.873846,0.844256
8/04/2020,0.851257,--,0.849515,0.852255,0.846595
8/03/2020,0.852359,--,0.846513,0.86482,0.834391
07/31/2020,0.841319,--,0.83022,0.847208,0.813038
07/30/2020,0.823479,--,0.807611,0.828703,0.800644
07/29/2020,0.829994,--,0.822171,0.835565,0.801546
07/28/2020,0.80869,--,0.805971,0.823287,0.802103
07/27/2020,0.822522,--,0.764306,0.836555,0.743355
07/24/2020,0.708983,--,0.705695,0.715946,0.701015
07/23/2020,0.712004,--,0.703259,0.717606,0.700365
07/22/2020,0.693022,--,0.687685,0.693192,0.683854
07/21/2020,0.690738,--,0.690447,0.694916,0.674548
07/20/2020,0.674729,--,0.675604,0.679003,0.67252
07/17/2020,0.673889,--,0.675105,0.675972,0.672018
07/16/2020,0.672489,--,0.666961,0.673848,0.666084
07/15/2020,0.679388,--,0.681485,0.683285,0.67524
07/14/2020,0.682887,--,0.679036,0.684409,0.67033
07/13/2020,0.679575,--,0.689572,0.690116,0.676033
7/10/2020,0.678541,--,0.674114,0.680222,0.669581
7/09/2020,0.67937,--,0.695021,0.695943,0.673344
7/08/2020,0.695538,--,0.682855,0.69629,0.676001
7/07/2020,0.675512,--,0.676215,0.682026,0.672358
7/06/2020,0.678193,--,0.675068,0.682255,0.657473
7/02/2020,0.65974,--,0.668589,0.670778,0.646958
7/01/2020,0.668373,--,0.661833,0.67292,0.65726
06/30/2020,0.660558,--,0.658679,0.664999,0.654566
06/29/2020,0.665053,--,0.657657,0.667692,0.651354
06/26/2020,0.666476,--,0.668507,0.673469,0.655632
06/25/2020,0.670389,--,0.665699,0.676988,0.652693
06/24/2020,0.673587,--,0.680803,0.70262,0.666796
06/23/2020,0.699937,--,0.698248,0.70303,0.694361
06/22/2020,0.69919,--,0.688308,0.708653,0.674101
06/19/2020,0.675598,--,0.678855,0.680821,0.670087
06/18/2020,0.678504,--,0.683385,0.687006,0.671642
06/17/2020,0.682593,--,0.688834,0.693604,0.670473
06/16/2020,0.687551,--,0.690675,0.694015,0.67915
06/15/2020,0.684042,--,0.657231,0.687625,0.643853
6/12/2020,0.687152,--,0.687464,0.694254,0.67445
6/11/2020,0.677886,--,0.709749,0.725673,0.66031
6/10/2020,0.720154,--,0.709146,0.727218,0.707525
6/09/2020,0.712577,--,0.708764,0.715859,0.701379
6/08/2020,0.708123,--,0.708626,0.713584,0.703618
6/05/2020,0.703372,--,0.705516,0.710528,0.701987
6/04/2020,0.711378,--,0.703817,0.718482,0.689869
6/03/2020,0.698611,--,0.698656,0.701839,0.693098
6/02/2020,0.694141,--,0.735934,0.739894,0.676844
6/01/2020,0.706726,--,0.695498,0.708176,0.686977
05/29/2020,0.677844,--,0.67757,0.682453,0.673494
05/28/2020,0.680091,--,0.674878,0.684053,0.655023
05/27/2020,0.655456,--,0.658644,0.663341,0.63658
05/26/2020,0.636459,--,0.636594,0.64959,0.627611
05/22/2020,0.66272,--,0.659944,0.667086,0.641479
05/21/2020,0.652719,--,0.66931,0.684706,0.630472
05/20/2020,0.684044,--,0.69767,0.702695,0.668081
05/19/2020,0.69235,--,0.687076,0.69493,0.685277
05/18/2020,0.694594,--,0.69014,0.695378,0.682483
05/15/2020,0.670952,--,0.679131,0.693189,0.65064
05/14/2020,0.693319,--,0.681521,0.699244,0.677863
05/13/2020,0.667469,--,0.651089,0.670516,0.632493
5/12/2020,0.630138,--,0.629915,0.642779,0.614742
5/11/2020,0.613196,--,0.633552,0.653457,0.588484
5/08/2020,0.715718,--,0.702585,0.716403,0.700776
5/07/2020,0.704468,--,0.674227,0.710688,0.660899
5/06/2020,0.670257,--,0.669135,0.67351,0.66116
5/05/2020,0.649394,--,0.645869,0.654392,0.642877
5/04/2020,0.653247,--,0.636998,0.654996,0.620659
5/01/2020,0.649952,--,0.652676,0.656087,0.638491
04/30/2020,0.638785,--,0.643852,0.695341,0.620514
04/29/2020,0.6453,--,0.618355,0.661278,0.58448
04/28/2020,0.584323,--,0.58549,0.585776,0.575043
04/27/2020,0.580659,--,0.577725,0.586367,0.570761
04/24/2020,0.565136,--,0.564171,0.571502,0.556679
04/23/2020,0.568068,--,0.542694,0.577528,0.530526
04/22/2020,0.536322,--,0.524221,0.541652,0.512947
04/21/2020,0.518081,--,0.513588,0.522144,0.508376
04/20/2020,0.517877,--,0.532625,0.545483,0.507041
04/17/2020,0.529175,--,0.530816,0.534957,0.524445
04/16/2020,0.530545,--,0.528286,0.535818,0.489042
04/15/2020,0.502349,--,0.501847,0.517642,0.500515
04/14/2020,0.514221,--,0.511104,0.520547,0.505124
04/13/2020,0.5102,--,0.502512,0.514261,0.502373
4/09/2020,0.549038,--,0.548202,0.552365,0.543437
4/08/2020,0.551368,--,0.543376,0.553176,0.538678
4/07/2020,0.532764,--,0.548194,0.557711,0.525666
4/06/2020,0.539099,--,0.526049,0.542984,0.498043
4/03/2020,0.492369,--,0.503856,0.513466,0.484036
4/02/2020,0.497066,--,0.486472,0.525863,0.479824
4/01/2020,0.473992,--,0.458982,0.476104,0.452006
03/31/2020,0.471795,--,0.470775,0.476508,0.463757
03/30/2020,0.477621,--,0.463145,0.47985,0.434569
03/27/2020,0.487656,--,0.484182,0.498539,0.479318
03/26/2020,0.485468,--,0.478201,0.490985,0.473758
03/25/2020,0.480002,--,0.476473,0.489844,0.471835
03/24/2020,0.488428,--,0.482868,0.491149,0.471592
03/23/2020,0.465709,--,0.460689,0.479543,0.421175
03/20/2020,0.453528,--,0.486219,0.510623,0.415128
03/19/2020,0.467354,--,0.428275,0.471438,0.389117
03/18/2020,0.392077,--,0.398459,0.420085,0.380364
03/17/2020,0.410876,--,0.406148,0.419433,0.380569
03/16/2020,0.37066,--,0.370711,0.390926,0.349818
03/13/2020,0.420346,--,0.412036,0.445511,0.299781
3/12/2020,0.433767,--,0.443864,0.600026,0.411887
3/11/2020,0.593297,--,0.600539,0.608817,0.574769
3/10/2020,0.608136,--,0.622143,0.623074,0.597012
3/09/2020,0.594271,--,0.603489,0.619059,0.575764
3/06/2020,0.700969,--,0.694222,0.700969,0.689536
3/05/2020,0.689164,--,0.686607,0.689169,0.686446
3/04/2020,0.680101,--,0.680242,0.68189,0.679526
3/03/2020,0.674927,--,0.673378,0.677768,0.673378
3/02/2020,0.679581,--,0.678915,0.680993,0.678058
02/28/2020,0.66502,--,0.659039,0.669152,0.649511
02/27/2020,0.679467,--,0.679785,0.679872,0.676634
02/26/2020,0.651789,--,0.650611,0.654191,0.642644
02/25/2020,0.708195,--,0.721454,0.723058,0.707481
02/24/2020,0.757363,--,0.757073,0.76004,0.757019
02/21/2020,0.767073,--,0.770565,0.776245,0.751844
02/20/2020,0.759281,--,0.754347,0.759511,0.751844
02/19/2020,0.762087,--,0.764223,0.765416,0.760875
02/18/2020,0.812791,--,0.807349,0.812791,0.807336
02/14/2020,0.858093,--,0.841123,0.860616,0.819339
02/13/2020,0.835326,--,0.835324,0.839486,0.834015
2/12/2020,0.84261,--,0.844269,0.846978,0.842423
2/11/2020,0.817,--,0.81923,0.819547,0.814786
2/10/2020,0.763284,--,0.764047,0.766418,0.758471
2/07/2020,0.750416,--,0.752565,0.758039,0.746723
2/06/2020,0.750351,--,0.743819,0.75604,0.740731
2/05/2020,0.735222,--,0.732889,0.735814,0.730462
2/04/2020,0.699454,--,0.698962,0.702646,0.698781
2/03/2020,0.70664,--,0.708794,0.708794,0.706021
01/31/2020,0.70011,--,0.691022,0.700247,0.687532
01/30/2020,0.709521,--,0.712218,0.712658,0.708275
01/29/2020,0.686033,--,0.683169,0.688119,0.681459
01/28/2020,0.695543,--,0.696626,0.698131,0.692943
01/27/2020,0.679653,--,0.668159,0.68178,0.668159
01/24/2020,0.627862,--,0.627805,0.633634,0.607964
01/23/2020,0.623137,--,0.625457,0.626189,0.622693
01/22/2020,0.645568,--,0.64678,0.647285,0.644896
01/21/2020,0.65384,--,0.649918,0.654814,0.63403
01/17/2020,0.665972,--,0.656906,0.672681,0.651449
01/16/2020,0.645885,--,0.644472,0.646947,0.643591
01/15/2020,0.642252,--,0.647282,0.650375,0.639459
01/14/2020,0.654857,--,0.66325,0.665001,0.650953
01/13/2020,0.589601,--,0.583159,0.589929,0.582142
1/10/2020,0.578136,--,0.567419,0.585261,0.550061
1/09/2020,0.559249,--,0.562008,0.5622,0.559249
1/08/2020,0.570784,--,0.570073,0.571767,0.56718
1/07/2020,0.601208,--,0.593256,0.603416,0.590932
1/06/2020,0.571501,--,0.572862,0.575643,0.567298
1/03/2020,0.524158,--,0.528503,0.532542,0.494001
1/02/2020,0.498188,--,0.49925,0.499269,0.49718
12/31/2019,0.516857,--,0.514121,0.516942,0.513654
12/30/2019,0.520278,--,0.517929,0.521493,0.517807
12/27/2019,0.517679,--,0.512294,0.518901,0.502606
12/26/2019,0.513754,--,0.514088,0.514898,0.513143
12/24/2019,0.515449,--,0.516929,0.517138,0.513944
12/23/2019,0.520854,--,0.519639,0.521853,0.519545
12/20/2019,0.514963,--,0.51493,0.517927,0.506199
12/19/2019,0.50804,--,0.510275,0.51095,0.506419
12/18/2019,0.512069,--,0.520297,0.521094,0.511088
12/17/2019,0.481798,--,0.476062,0.482008,0.476055
12/16/2019,0.500484,--,0.500623,0.50099,0.499825
12/13/2019,0.530209,--,0.529018,0.533919,0.525191
12/12/2019,0.526283,--,0.526761,0.526761,0.525191
12/11/2019,0.521507,--,0.52386,0.523903,0.519702
12/10/2019,0.529319,--,0.52929,0.52976,0.528985
12/09/2019,0.537024,--,0.536676,0.5406,0.535489
12/06/2019,0.548699,--,0.538134,0.554449,0.534747
12/05/2019,0.539389,--,0.538546,0.540185,0.5382
12/04/2019,0.529887,--,0.528456,0.530837,0.528449
12/03/2019,0.525299,--,0.530204,0.531068,0.521069
12/02/2019,0.541126,--,0.538596,0.544248,0.538583
11/29/2019,0.566191,--,0.569991,0.57727,0.547769
11/27/2019,0.554212,--,0.554373,0.557109,0.55327
11/26/2019,0.528593,--,0.526711,0.53031,0.525725
11/25/2019,0.525727,--,0.522908,0.527386,0.521301
11/22/2019,0.541661,--,0.518542,0.569807,0.501468
11/21/2019,0.567595,--,0.56533,0.569106,0.565309
11/20/2019,0.599605,--,0.597588,0.599692,0.597456
11/19/2019,0.604339,--,0.601885,0.6047,0.601727
11/18/2019,0.607268,--,0.608491,0.608522,0.606649
11/15/2019,0.629124,--,0.642754,0.652016,0.622119
11/14/2019,0.639579,--,0.641316,0.641329,0.638598
11/13/2019,0.652039,--,0.652535,0.652871,0.651737
11/12/2019,0.651094,--,0.653035,0.653144,0.650809
11/11/2019,0.649146,--,0.648531,0.65019,0.648317
11/08/2019,0.655115,--,0.648741,0.682157,0.640266
11/07/2019,0.680773,--,0.67702,0.680776,0.677019
11/06/2019,0.692568,--,0.691537,0.694102,0.691272
11/05/2019,0.685361,--,0.688024,0.688261,0.685159
11/04/2019,0.69327,--,0.690671,0.693403,0.690351
11/01/2019,0.676395,--,0.672235,0.681573,0.664651
10/31/2019,0.669411,--,0.672077,0.67223,0.66932
10/30/2019,0.676302,--,0.673113,0.677052,0.673077
10/29/2019,0.691863,--,0.693001,0.693511,0.690594
10/28/2019,0.679433,--,0.674621,0.679882,0.674059
10/25/2019,0.639607,--,0.570872,0.649947,0.551834
10/24/2019,0.554541,--,0.554052,0.554778,0.553738
10/23/2019,0.554849,--,0.555743,0.557077,0.554368
10/22/2019,0.595776,--,0.595229,0.596035,0.593363
10/21/2019,0.606147,--,0.60834,0.60834,0.606123
10/18/2019,0.591204,--,0.589221,0.593577,0.586098
10/17/2019,0.600228,--,0.600178,0.600536,0.59875
10/16/2019,0.590749,--,0.59179,0.59179,0.590682
10/15/2019,0.605163,--,0.604824,0.605731,0.603695
10/14/2019,0.622098,--,0.620198,0.624011,0.61989
10/11/2019,0.6121,--,0.614729,0.647024,0.609887
10/10/2019,0.629184,--,0.63136,0.6322,0.62878
10/09/2019,0.635062,--,0.635224,0.637243,0.63473
10/08/2019,0.606875,--,0.605802,0.608058,0.60564
10/07/2019,0.608907,--,0.606805,0.609374,0.606753
10/04/2019,0.600857,--,0.595894,0.604317,0.584881
10/03/2019,0.596588,--,0.601158,0.601707,0.596333
